{
  "name": "Explorer",
  "matrix":
  {
    "rows": 4,
    "cols": 14
  },
  "layouts":
  {
    "labels":
    [
      [
        "Left Side Bottom Row",
        "3x1u",
        "2u+1u",
        "1u+2u"
      ],
      [
        "Right Side Bottom Row",
        "3x1u",
        "2u+1u",
        "1u+2u"
      ]
    ],
    "keymap":
    [
      [
        {
          "rx": 9.6,
          "x": -7.6
        },
        "0,2",
        "0,3",
        "0,4",
        "0,5",
        {
          "x": 7
        },
        "0,8",
        "0,9",
        "0,10",
        "0,11"
      ],
      [
        {
          "y": -0.5,
          "x": -9.6
        },
        "0,0",
        "0,1",
        {
          "x": 15
        },
        "0,12",
        "0,13"
      ],
      [
        {
          "y": -0.5,
          "x": -7.6
        },
        "1,2",
        "1,3",
        "1,4",
        "1,5",
        {
          "x": 7
        },
        "1,8",
        "1,9",
        "1,10",
        "1,11"
      ],
      [
        {
          "y": -0.5,
          "x": -9.6
        },
        "1,0",
        "1,1",
        {
          "x": 15
        },
        "1,12",
        "1,13"
      ],
      [
        {
          "y": -0.5,
          "x": -7.6
        },
        "2,2",
        "2,3",
        "2,4",
        "2,5",
        {
          "x": 3
        },
        "0,1\n\n\n\n\n\n\n\n\ne",
        {
          "x": 3
        },
        "2,8",
        "2,9",
        "2,10",
        "2,11"
      ],
      [
        {
          "y": -0.5,
          "x": -9.6
        },
        "2,0",
        "2,1",
        {
          "x": 15
        },
        "2,12",
        "2,13"
      ],
      [
        {
          "y": -0.75,
          "x": -2.0999999999999996
        },
        "1,6",
        {
          "x": 2
        }, 
        "1,7"
      ],
      [
        {
          "y": -0.75,
          "x": -7.6
        },
        "3,2\n\n\n0,0",
        "3,3\n\n\n0,0",
        "3,4\n\n\n0,0",
        {
          "x": 3.75,
          "w": 1.5,
          "h": 1.5
        },
        "0,6",
        {
          "x": 3.75
        },
        "3,9\n\n\n1,0",
        "3,10\n\n\n1,0",
        "3,11\n\n\n1,0"
      ],
      [
        {
          "y": -0.25,
          "x": -2.0999999999999996
        },
        "2,6",
        {
          "x": 2
        },
        "2,7"
      ],
      [
        {
          "y": -0.25,
          "x": -7.6,
          "w": 2
        },
        "3,2\n\n\n0,1",
        "3,4\n\n\n0,1",
        {
          "x": 4
        },
        "0,0\n\n\n\n\n\n\n\n\ne",
        {
          "x": 4,
          "w": 2
        },
        "3,9\n\n\n1,1",
        "3,11\n\n\n1,1"
      ],
      [
        {
          "x": -7.6
        },
        "3,2\n\n\n0,2",
        {
          "w": 2
        },
        "3,3\n\n\n0,2",
        {
          "x": 9
        },
        "3,9\n\n\n1,2",
        {
          "w": 2
        },
        "3,10\n\n\n1,2"
      ],
      [
        {
          "r": 15,
          "y": -2.7,
          "x": -2.3499999999999996,
          "h": 1.25
        },
        "3,6"
      ],
      [
        {
          "y": -0.75,
          "x": -3.3499999999999996
        },
        "3,5"
      ],
      [
        {
          "r": -15,
          "y": -1.2999999999999998,
          "x": 1.1500000000000004,
          "h": 1.25
        },
        "3,7"
      ],
      [
        {
          "y": -0.75,
          "x": 2.1500000000000004
        },
        "3,8"
      ]
    ]
  }
}
