{
  "name": "Paicorea43-1",
  "matrix":
  {
    "rows": 8,
    "cols": 6
  },
  "lighting": "qmk_rgblight",
  "layouts":
  {
    "keymap":
    [
        [
          {
            "x": 3
          },
          "0,3",
          {
            "x": 8.85
          },
          "4,3"
        ],
        [
          {
            "y": -0.87,
            "x": 2
          },
          "0,2",
          {
            "x": 1
          },
          "0,4",
          {
            "x": 6.85
          },
          "4,4",
          {
            "x": 1
          },
          "4,2"
        ],
        [
          {
            "y": -0.94,
            "x": 5
          },
          "0,5"
        ],
        [
          {
            "y": -1,
            "x": 10.85
          },
          "4,5"
        ],
        [
          {
            "y": -0.5599999999999999,
            "x": 1
          },
          "0,1",
          {
            "x": 12.85
          },
          "4,1"
        ],
        [
          {
            "y": -0.94
          },
          "0,0",
          {
            "x": 14.85
          },
          "4,0"
        ],
        [
          {
            "y": -0.69,
            "x": 3
          },
          "1,3",
          {
            "x": 8.85
          },
          "5,3"
        ],
        [
          {
            "y": -0.8700000000000001,
            "x": 2
          },
          "1,2",
          {
            "x": 1
          },
          "1,4",
          {
            "x": 6.85
          },
          "5,4",
          {
            "x": 1
          },
          "5,2"
        ],
        [
          {
            "y": -0.94,
            "x": 5
          },
          "1,5",
          {
            "x": 4.85
          },
          "5,5"
        ],
        [
          {
            "y": -0.56,
            "x": 1
          },
          "1,1",
          {
            "x": 12.85
          },
          "5,1"
        ],
        [
          {
            "y": -0.94
          },
          "1,0",
          {
            "x": 14.85
          },
          "5,0"
        ],
        [
          {
            "y": -0.69,
            "x": 3
          },
          "2,3",
          {
            "x": 8.85
          },
          "6,3"
        ],
        [
          {
            "y": -0.8700000000000001,
            "x": 2
          },
          "2,2",
          {
            "x": 1
          },
          "2,4",
          {
            "x": 6.85
          },
          "6,4",
          {
            "x": 1
          },
          "6,2"
        ],
        [
          {
            "y": -0.94,
            "x": 5
          },
          "2,5",
          {
            "x": 4.85
          },
          "6,5"
        ],
        [
          {
            "y": -0.56,
            "x": 1
          },
          "2,1",
          {
            "x": 12.85
          },
          "6,1"
        ],
        [
          {
            "y": -0.94
          },
          "2,0",
          {
            "x": 14.85
          },
          "6,0"
        ],
        [
          {
            "r": 15,
            "ry": 10,
            "y": -7.75,
            "x": 2.75
          },
          "3,3"
        ],
        [
          {
            "r": 30,
            "y": -1.75,
            "x": 1.9
          },
          "3,4"
        ],
        [
          {
            "r": 45,
            "y": -1.5,
            "x": 0.88
          },
          "3,5"
        ],
        [
          {
            "r": -45,
            "y": 10.94,
            "x": 10
          },
          "7,5"
        ],
        [
          {
            "r": -30,
            "y": -4,
            "x": 11.66
          },
          "7,4"
        ],
        [
          {
            "r": -15,
            "y": -4.289999999999999,
            "x": 12.5
          },
          "7,3"
        ]
    ]
  }
}
